{"accuracy": [0.6159897446632385, 0.8682267665863037, 0.9182018637657166, 0.9417028427124023, 0.9541645646095276, 0.9671953916549683, 0.9704530835151672, 0.9750906825065613, 0.9800554513931274, 0.9815776348114014], "loss": [1.3061388731002808, 0.422995924949646, 0.2562367916107178, 0.182518869638443, 0.13997983932495117, 0.10274266451597214, 0.08810590207576752, 0.07563858479261398, 0.061093155294656754, 0.057052988559007645], "val_accuracy": [0.8672888875007629, 0.9128727316856384, 0.9304575324058533, 0.9411563873291016, 0.9517983198165894, 0.9601069688796997, 0.952595055103302, 0.9573753476142883, 0.9681880474090576, 0.9669929146766663], "val_loss": [0.4279716908931732, 0.26794758439064026, 0.21123440563678741, 0.18601539731025696, 0.1458553522825241, 0.1325538158416748, 0.16110090911388397, 0.143041729927063, 0.11386113613843918, 0.10900440067052841]}